{"cameraMode":{"drawMode":0,"name":"Shaded","section":"Shading Mode"},"sceneLighting":true,"audioPlay":false,"sceneViewState":{"m_AlwaysRefresh":false,"showFog":true,"showSkybox":true,"showFlares":true,"showImageEffects":true,"showParticleSystems":true,"showVisualEffectGraphs":true,"m_FxEnabled":true},"in2DMode":false,"pivot":{"x":-43.04901123046875,"y":-1.5504534244537354,"z":14.810114860534668},"rotation":{"x":-0.18076401948928834,"y":-0.02426822856068611,"z":0.004480062983930111,"w":-0.983272910118103},"size":7.149077892303467,"orthographic":false}