{"cameraMode":{"drawMode":0,"name":"Shaded","section":"Shading Mode"},"sceneLighting":false,"audioPlay":false,"sceneViewState":{"showFog":true,"showMaterialUpdate":false,"showSkybox":false,"showFlares":true,"showImageEffects":true,"showParticleSystems":true},"in2DMode":false,"pivot":{"x":-2.500002861022949,"y":-0.08029913902282715,"z":-2.499993324279785},"rotation":{"x":-0.20274615287780763,"y":-0.7089521884918213,"z":0.225777268409729,"w":-0.6366389989852905},"size":3.5387179851531984,"orthographic":false}