{"cameraMode":{"drawMode":0,"name":"Shaded","section":"Shading Mode"},"sceneLighting":false,"audioPlay":false,"sceneViewState":{"showFog":true,"showMaterialUpdate":false,"showSkybox":false,"showFlares":true,"showImageEffects":true,"showParticleSystems":true},"in2DMode":false,"pivot":{"x":334.0924072265625,"y":232.236083984375,"z":-3.943655014038086},"rotation":{"x":-0.005910130217671394,"y":0.9145410656929016,"z":-0.40517503023147585,"w":-0.01917063444852829},"size":4.735598087310791,"orthographic":false}