{"cameraMode":{"drawMode":0,"name":"Shaded","section":"Shading Mode"},"sceneLighting":false,"audioPlay":false,"sceneViewState":{"showFog":true,"showMaterialUpdate":false,"showSkybox":false,"showFlares":true,"showImageEffects":true,"showParticleSystems":true},"in2DMode":false,"pivot":{"x":1.0805798768997193,"y":5.537223815917969,"z":-10.610479354858399},"rotation":{"x":-0.535902202129364,"y":-0.23581308126449586,"z":0.14664413034915925,"w":-0.7981681227684021},"size":9.086173057556153,"orthographic":false}