{"cameraMode":{"drawMode":0,"name":"Shaded","section":"Shading Mode"},"sceneLighting":false,"audioPlay":false,"sceneViewState":{"showFog":true,"showMaterialUpdate":false,"showSkybox":false,"showFlares":true,"showImageEffects":true,"showParticleSystems":true},"in2DMode":false,"pivot":{"x":-2.500000476837158,"y":-2.465151786804199,"z":-2.4999964237213136},"rotation":{"x":0.42727163434028628,"y":0.5283979773521423,"z":-0.3066224455833435,"w":0.6681687831878662},"size":4.350341796875,"orthographic":false}