{"cameraMode":{"drawMode":0,"name":"Shaded","section":"Shading Mode"},"sceneLighting":false,"audioPlay":false,"sceneViewState":{"showFog":true,"showMaterialUpdate":false,"showSkybox":false,"showFlares":true,"showImageEffects":true,"showParticleSystems":true},"in2DMode":false,"pivot":{"x":61.87755584716797,"y":481.9776611328125,"z":240.59596252441407},"rotation":{"x":0.31056973338127139,"y":-0.31732067465782168,"z":0.12657199800014497,"w":0.888160228729248},"size":4.33013916015625,"orthographic":false}