{"cameraMode":{"drawMode":0,"name":"Shaded","section":"Shading Mode"},"sceneLighting":false,"audioPlay":false,"sceneViewState":{"showFog":true,"showMaterialUpdate":false,"showSkybox":false,"showFlares":true,"showImageEffects":true,"showParticleSystems":true},"in2DMode":false,"pivot":{"x":-2.499992847442627,"y":-0.009486105293035508,"z":-2.5000009536743166},"rotation":{"x":0.33946359157562258,"y":-0.5092756152153015,"z":0.23169593513011933,"w":0.7568328380584717},"size":3.535599946975708,"orthographic":false}