{"cameraMode":{"drawMode":0,"name":"Shaded","section":"Shading Mode"},"sceneLighting":false,"audioPlay":false,"sceneViewState":{"showFog":true,"showMaterialUpdate":false,"showSkybox":false,"showFlares":true,"showImageEffects":true,"showParticleSystems":true},"in2DMode":false,"pivot":{"x":-13.469995498657227,"y":4.735428810119629,"z":-2.4999969005584719},"rotation":{"x":-0.015467708930373192,"y":-0.9990544319152832,"z":0.060206349939107898,"w":-0.006817054934799671},"size":4.333268165588379,"orthographic":false}