{"cameraMode":{"drawMode":0,"name":"Shaded","section":"Shading Mode"},"sceneLighting":false,"audioPlay":false,"sceneViewState":{"showFog":true,"showMaterialUpdate":false,"showSkybox":false,"showFlares":true,"showImageEffects":true,"showParticleSystems":true},"in2DMode":false,"pivot":{"x":-0.20855356752872468,"y":1.2479289770126343,"z":-0.28583329916000368},"rotation":{"x":-0.19366729259490968,"y":0.26317861676216128,"z":-0.07526842504739762,"w":-0.9432580471038818},"size":2.565319776535034,"orthographic":false}