{"cameraMode":{"drawMode":0,"name":"Shaded","section":"Shading Mode"},"sceneLighting":false,"audioPlay":false,"sceneViewState":{"showFog":true,"showMaterialUpdate":false,"showSkybox":false,"showFlares":true,"showImageEffects":true,"showParticleSystems":true},"in2DMode":false,"pivot":{"x":-0.8466634750366211,"y":3.3396196365356447,"z":-2.581758975982666},"rotation":{"x":-0.17932124435901643,"y":-0.8330614566802979,"z":0.3423433005809784,"w":-0.3979286253452301},"size":6.176065444946289,"orthographic":false}