{"cameraMode":{"drawMode":0,"name":"Shaded","section":"Shading Mode"},"sceneLighting":false,"audioPlay":false,"sceneViewState":{"showFog":true,"showMaterialUpdate":false,"showSkybox":false,"showFlares":true,"showImageEffects":true,"showParticleSystems":true},"in2DMode":false,"pivot":{"x":-7.93290376663208,"y":41.9467658996582,"z":10.145552635192871},"rotation":{"x":0.20113003253936768,"y":-0.7725503444671631,"z":0.48533549904823305,"w":0.35952919721603396},"size":2.154066562652588,"orthographic":false}