{"cameraMode":{"drawMode":0,"name":"Shaded","section":"Shading Mode"},"sceneLighting":false,"audioPlay":false,"sceneViewState":{"showFog":true,"showMaterialUpdate":false,"showSkybox":false,"showFlares":true,"showImageEffects":true,"showParticleSystems":true},"in2DMode":false,"pivot":{"x":-2.4999945163726808,"y":0.018511414527893068,"z":-2.4999969005584719},"rotation":{"x":0.45469290018081667,"y":-0.49264568090438845,"z":0.38029611110687258,"w":0.6387647986412048},"size":3.5357096195220949,"orthographic":false}