{"cameraMode":{"drawMode":0,"name":"Shaded","section":"Shading Mode"},"sceneLighting":false,"audioPlay":false,"sceneViewState":{"showFog":true,"showMaterialUpdate":false,"showSkybox":false,"showFlares":true,"showImageEffects":true,"showParticleSystems":true},"in2DMode":false,"pivot":{"x":2.384185791015625e-7,"y":0.015682296827435495,"z":0.0000011920928955078126},"rotation":{"x":0.05455664545297623,"y":-0.9215227365493774,"z":0.15159732103347779,"w":0.35477715730667117},"size":1.5467441082000733,"orthographic":false}