{"cameraMode":{"drawMode":0,"name":"Shaded","section":"Shading Mode"},"sceneLighting":false,"audioPlay":false,"sceneViewState":{"showFog":true,"showMaterialUpdate":false,"showSkybox":false,"showFlares":true,"showImageEffects":true,"showParticleSystems":true},"in2DMode":false,"pivot":{"x":-24.22687530517578,"y":-0.08029913902282715,"z":-61.156612396240237},"rotation":{"x":-0.16760073602199555,"y":-0.23846878111362458,"z":0.027994735166430475,"w":-0.9571536779403687},"size":3.5387141704559328,"orthographic":false}