{"cameraMode":{"drawMode":0,"name":"Shaded","section":"Shading Mode"},"sceneLighting":false,"audioPlay":false,"sceneViewState":{"showFog":true,"showMaterialUpdate":false,"showSkybox":false,"showFlares":true,"showImageEffects":true,"showParticleSystems":true},"in2DMode":false,"pivot":{"x":0.03142215311527252,"y":-0.02731078863143921,"z":-0.03158050775527954},"rotation":{"x":-0.48088231682777407,"y":0.5083142518997192,"z":-0.43933698534965517,"w":-0.5643099546432495},"size":0.24423611164093018,"orthographic":false}