{"cameraMode":{"drawMode":0,"name":"Shaded","section":"Shading Mode"},"sceneLighting":false,"audioPlay":false,"sceneViewState":{"showFog":true,"showMaterialUpdate":false,"showSkybox":false,"showFlares":true,"showImageEffects":true,"showParticleSystems":true},"in2DMode":false,"pivot":{"x":-5.512548446655273,"y":-2.473006248474121,"z":-0.8029778003692627},"rotation":{"x":0.20755669474601746,"y":-0.7742090821266174,"z":0.4292465150356293,"w":0.41887331008911135},"size":5.590168476104736,"orthographic":false}