{"cameraMode":{"drawMode":0,"name":"Shaded","section":"Shading Mode"},"sceneLighting":false,"audioPlay":false,"sceneViewState":{"showFog":true,"showMaterialUpdate":false,"showSkybox":false,"showFlares":true,"showImageEffects":true,"showParticleSystems":true},"in2DMode":false,"pivot":{"x":34.119972229003909,"y":-55.220542907714847,"z":-3.848423957824707},"rotation":{"x":0.46732792258262637,"y":0.5398488640785217,"z":-0.46230775117874148,"w":0.5270996689796448},"size":61.48534393310547,"orthographic":false}