{"cameraMode":{"drawMode":0,"name":"Shaded","section":"Shading Mode"},"sceneLighting":false,"audioPlay":false,"sceneViewState":{"showFog":true,"showMaterialUpdate":false,"showSkybox":false,"showFlares":true,"showImageEffects":true,"showParticleSystems":true},"in2DMode":false,"pivot":{"x":-11.057947158813477,"y":3.601522207260132,"z":17.875995635986329},"rotation":{"x":-0.003868373576551676,"y":-0.8803428411483765,"z":-0.03282058238983154,"w":-0.47547924518585207},"size":10.0,"orthographic":false}