{"cameraMode":{"drawMode":0,"name":"Shaded","section":"Shading Mode"},"sceneLighting":false,"audioPlay":false,"sceneViewState":{"showFog":true,"showMaterialUpdate":false,"showSkybox":true,"showFlares":true,"showImageEffects":true,"showParticleSystems":true},"in2DMode":false,"pivot":{"x":13.306227684020996,"y":2.964085578918457,"z":-14.843036651611329},"rotation":{"x":0.35621023178100588,"y":0.33611342310905459,"z":-0.13910481333732606,"w":0.8606947064399719},"size":11.249432563781739,"orthographic":false}